candidate_id,job_id,application_time,shortlist_time,interview_time,offer_generated_time,offer_signed_time,offer_hash,offer_payload,verification_status,tamper_detected,name,email,job_title,department
fdbb5bca-2dfe-4ae9-b304-fe59cb2f3ae0,JOB-1003,2026-06-04T00:44:59.876545,2026-06-05T15:19:30.117968,2026-06-07T16:21:30.742369,2026-06-09T01:49:35.336773,2026-06-10T01:08:00.732104,89428e8f64bb7fe74663265d504ea8d94df00d8f46b3eb95513cd283c8c46df1,"{""candidate_id"": ""fdbb5bca-2dfe-4ae9-b304-fe59cb2f3ae0"", ""job_id"": ""JOB-1003"", ""job_title"": ""Operations Manager"", ""salary_inr"": 1112024, ""offer_date"": ""2026-06-09T01:49:35.336773"", ""issuer"": ""PlaceMux-HR""}",verified,0,Aryan Maharaj,udantdewan@example.net,Operations Manager,Operations
be7b521d-8aeb-4cac-9370-9612ba4d5e33,JOB-1031,2026-05-19T02:49:08.365014,2026-05-20T17:22:40.349167,2026-05-24T17:33:24.717745,2026-05-25T00:44:55.547081,2026-05-26T10:17:13.326662,6869c06b70862b04e8b8b40249c0f635f87bcd943d4c3c1d808f0f2b4a2d4fd8,"{""candidate_id"": ""be7b521d-8aeb-4cac-9370-9612ba4d5e33"", ""job_id"": ""JOB-1031"", ""job_title"": ""HR Generalist"", ""salary_inr"": 1176856, ""offer_date"": ""2026-05-25T00:44:55.547081"", ""issuer"": ""PlaceMux-HR""}",verified,0,Gagan Sami,balangirik@example.org,HR Generalist,Operations
e16b34e6-d199-4ebf-88eb-f6226ec4e94b,JOB-1094,2026-06-02T09:01:00.254200,2026-06-04T15:30:39.785680,2026-06-06T04:13:36.776399,2026-06-06T23:34:59.775857,2026-06-07T05:28:02.835731,99aa37f531504fc787f7f63a26fedf2d4261dfcb1da3d1061248f044ff5e6b13,"{""candidate_id"": ""e16b34e6-d199-4ebf-88eb-f6226ec4e94b"", ""job_id"": ""JOB-1094"", ""job_title"": ""Product Manager"", ""salary_inr"": 953638, ""offer_date"": ""2026-06-06T23:34:59.775857"", ""issuer"": ""PlaceMux-HR""}",verified,0,Yashasvi Bala,onikannan@example.com,Product Manager,Product
406c26ce-3849-431e-9171-670166c78738,JOB-1075,2026-06-20T03:24:57.348190,2026-06-23T02:30:47.821536,2026-06-26T13:14:03.657371,2026-06-28T12:40:21.374650,,,"{""candidate_id"": ""406c26ce-3849-431e-9171-670166c78738"", ""job_id"": ""JOB-1075"", ""job_title"": ""Backend Engineer"", ""salary_inr"": 2737879, ""offer_date"": ""2026-06-28T12:40:21.374650"", ""issuer"": ""PlaceMux-HR""}",not_signed,0,Abeer Dutta,roak@example.org,Backend Engineer,Engineering
6bdb8da9-4275-4231-ad3b-3efa64872697,JOB-1003,2026-05-19T01:55:42.954742,2026-05-21T21:39:11.702148,2026-05-26T15:47:25.911505,2026-05-27T01:41:57.624025,2026-05-27T10:53:41.192184,de3dc3814e8e023179b08f7eced2b5a923546c7aea2112015681f9b76c00b045,"{""candidate_id"": ""6bdb8da9-4275-4231-ad3b-3efa64872697"", ""job_id"": ""JOB-1003"", ""job_title"": ""Data Analyst"", ""salary_inr"": 1963085, ""offer_date"": ""2026-05-27T01:41:57.624025"", ""issuer"": ""PlaceMux-HR""}",verified,0,Gayathri Chaudry,raigunbir@example.com,Data Analyst,Data
7996bb14-c866-411a-9a49-7ff4f4381b03,JOB-1029,2026-05-18T00:33:08.014575,2026-05-19T06:14:42.422189,2026-05-21T15:09:41.849650,2026-05-23T01:24:41.394852,2026-05-25T14:58:05.910466,52c05d35cc197c2a63e84a41708bfde486509df84595c56660cf104c74ffc679,"{""candidate_id"": ""7996bb14-c866-411a-9a49-7ff4f4381b03"", ""job_id"": ""JOB-1029"", ""job_title"": ""Frontend Engineer"", ""salary_inr"": 2042311, ""offer_date"": ""2026-05-23T01:24:41.394852"", ""issuer"": ""PlaceMux-HR""}",verified,0,Aishani Bassi,hyadav@example.com,Frontend Engineer,Engineering
8dbe58d0-897c-4fbf-ad9a-39d991e8a4ff,JOB-1003,2026-05-04T03:58:24.968084,2026-05-06T21:15:12.584950,2026-05-11T04:52:15.284637,2026-05-11T10:48:38.627706,2026-05-12T11:29:35.678973,39ca846b8765c6348586c4af62762122f2861b23551cf3b47b2e2d098cfab082,"{""candidate_id"": ""8dbe58d0-897c-4fbf-ad9a-39d991e8a4ff"", ""job_id"": ""JOB-1003"", ""job_title"": ""SEO Specialist"", ""salary_inr"": 1487204, ""offer_date"": ""2026-05-11T10:48:38.627706"", ""issuer"": ""PlaceMux-HR""}",verified,0,Chaaya Pathak,ekarajbath@example.net,SEO Specialist,Marketing
0a09c1eb-d822-409f-be10-bcd233c29d1d,JOB-1091,2026-06-14T14:11:44.532213,2026-06-17T00:32:12.691562,2026-06-19T17:35:41.290762,2026-06-19T22:01:12.971180,2026-06-20T04:21:45.301815,f71a97a7b4c9efc703b8843b30406388686b83a9e139cc40effea007cb28a6a5,"{""candidate_id"": ""0a09c1eb-d822-409f-be10-bcd233c29d1d"", ""job_id"": ""JOB-1091"", ""job_title"": ""Growth Marketer"", ""salary_inr"": 769430, ""offer_date"": ""2026-06-19T22:01:12.971180"", ""issuer"": ""PlaceMux-HR""}",verified,0,Bimala Buch,harrisonrai@example.com,Growth Marketer,Marketing
be6bd4bd-538f-4c70-b68b-33333380951f,JOB-1069,2026-05-03T06:42:13.371044,2026-05-05T01:43:04.284760,2026-05-08T06:45:36.958195,2026-05-09T05:40:15.173515,2026-05-09T09:38:26.629663,877284c0ee5837ad977b3675e5ec8715f9546ea0d9eb3b4167d642ce3a37302a,"{""candidate_id"": ""be6bd4bd-538f-4c70-b68b-33333380951f"", ""job_id"": ""JOB-1069"", ""job_title"": ""Recruiter"", ""salary_inr"": 1072092, ""offer_date"": ""2026-05-09T05:40:15.173515"", ""issuer"": ""PlaceMux-HR""}",verified,0,Janya Gaba,isha34@example.net,Recruiter,Operations
4fd5cf71-3b72-472b-961c-e6b5db94126a,JOB-1057,2026-06-24T01:16:28.819090,2026-06-25T06:55:15.964284,2026-06-27T06:52:33.442159,2026-06-27T15:23:55.951832,2026-06-29T23:47:13.663254,e985a855d9af337c9b94a217e3f3a93a2c51e34714815ab0ed5ada60b4fb3c65,"{""candidate_id"": ""4fd5cf71-3b72-472b-961c-e6b5db94126a"", ""job_id"": ""JOB-1057"", ""job_title"": ""Data Analyst"", ""salary_inr"": 883665, ""offer_date"": ""2026-06-27T15:23:55.951832"", ""issuer"": ""PlaceMux-HR""}",verified,0,Onveer Walla,nihalshere@example.com,Data Analyst,Data
c0158a09-7eca-4491-995c-390dafa88a5d,JOB-1000,2026-06-15T02:04:15.439505,2026-06-18T19:50:06.419450,2026-06-20T18:33:42.841468,2026-06-21T05:42:43.121377,2026-06-23T15:30:14.246221,c366a4e393e8a35af07d1f20bde290c74de2eb931fb0b3a97ebeb2ea039476af,"{""candidate_id"": ""c0158a09-7eca-4491-995c-390dafa88a5d"", ""job_id"": ""JOB-1000"", ""job_title"": ""Content Strategist"", ""salary_inr"": 1250810, ""offer_date"": ""2026-06-21T05:42:43.121377"", ""issuer"": ""PlaceMux-HR""}",verified,0,Theodore Nair,karnikazad@example.com,Content Strategist,Marketing
47727afb-b553-44e5-8f93-41168ea1319f,JOB-1054,2026-06-14T07:28:33.724915,2026-06-15T23:22:46.610422,2026-06-20T16:44:16.580640,2026-06-22T08:02:10.626648,2026-06-24T22:23:05.392301,79d8ed1c39c27d2e18fef7503a169799f86f6c2d6cfbdc5c241e7669a6f77621,"{""candidate_id"": ""47727afb-b553-44e5-8f93-41168ea1319f"", ""job_id"": ""JOB-1054"", ""job_title"": ""Senior PM"", ""salary_inr"": 1176146, ""offer_date"": ""2026-06-22T08:02:10.626648"", ""issuer"": ""PlaceMux-HR""}",verified,0,Amrita Bhatti,divyakala@example.net,Senior PM,Product
e1965569-d89d-4e7e-8f30-bfa6c5a974e8,JOB-1019,2026-05-24T01:40:59.793280,2026-05-24T16:56:10.114638,2026-05-27T14:07:20.585925,2026-05-28T02:54:12.922201,2026-05-30T21:06:49.228155,e1fb1b8852d90a57b291e644d9a72d7ca2ccee4d6e3c0bad5143f204e901b473,"{""candidate_id"": ""e1965569-d89d-4e7e-8f30-bfa6c5a974e8"", ""job_id"": ""JOB-1019"", ""job_title"": ""UX Researcher"", ""salary_inr"": 926692, ""offer_date"": ""2026-05-28T02:54:12.922201"", ""issuer"": ""PlaceMux-HR""}",verified,0,Meghana Shanker,alkadewan@example.org,UX Researcher,Design
36c4ce70-2287-403b-93f7-a3e8ad775b66,JOB-1013,2026-05-14T11:49:59.172052,2026-05-17T07:16:33.206515,2026-05-19T21:31:43.048707,2026-05-20T13:47:13.773573,2026-05-20T19:42:57.718465,decbf49c3677d265f2cc0ee956b7aa645b8ecca640066e02b1680cd43bc13de2,"{""candidate_id"": ""36c4ce70-2287-403b-93f7-a3e8ad775b66"", ""job_id"": ""JOB-1013"", ""job_title"": ""Associate PM"", ""salary_inr"": 1277302, ""offer_date"": ""2026-05-20T13:47:13.773573"", ""issuer"": ""PlaceMux-HR""}",verified,0,Priya Rastogi,theodore28@example.com,Associate PM,Product
e54d06a2-8d8d-42c6-b6a8-f024af937096,JOB-1012,2026-06-10T21:19:45.428917,2026-06-14T08:11:48.564690,2026-06-16T15:59:13.959145,2026-06-16T21:12:05.883908,2026-06-19T12:28:16.901907,63a15919d37fee4db0581c0bd21e17a32ced50e3b85648180dd480f1067795ec,"{""candidate_id"": ""e54d06a2-8d8d-42c6-b6a8-f024af937096"", ""job_id"": ""JOB-1012"", ""job_title"": ""Mobile Engineer"", ""salary_inr"": 2576372, ""offer_date"": ""2026-06-16T21:12:05.883908"", ""issuer"": ""PlaceMux-HR""}",verified,0,Champak Choudhary,nathanielsami@example.net,Mobile Engineer,Engineering
a68d7b84-6b33-4a78-8270-7709aac5f5cc,JOB-1077,2026-05-03T09:54:48.814416,2026-05-06T00:01:31.961924,2026-05-08T09:12:41.427721,2026-05-09T23:48:51.651148,2026-05-11T07:47:53.927865,5a461446a6f502cc85c8a99ede6ee4de5cb12aafbd3114e8633f3f0f6b0bc899,"{""candidate_id"": ""a68d7b84-6b33-4a78-8270-7709aac5f5cc"", ""job_id"": ""JOB-1077"", ""job_title"": ""UX Researcher"", ""salary_inr"": 1256723, ""offer_date"": ""2026-05-09T23:48:51.651148"", ""issuer"": ""PlaceMux-HR""}",verified,0,Lekha Raj,qwadhwa@example.net,UX Researcher,Design
e8af4167-13b7-4e6e-af96-ab04fe7d15e3,JOB-1093,2026-05-16T09:37:24.975159,2026-05-19T09:09:41.644990,2026-05-20T09:19:26.150742,2026-05-22T06:02:57.256957,2026-05-23T21:16:45.587414,7f645a87f2077c4371f44a0e3d2e7792182ece6953274850288c3408639ceb5f,"{""candidate_id"": ""e8af4167-13b7-4e6e-af96-ab04fe7d15e3"", ""job_id"": ""JOB-1093"", ""job_title"": ""UI Designer"", ""salary_inr"": 1098624, ""offer_date"": ""2026-05-22T06:02:57.256957"", ""issuer"": ""PlaceMux-HR""}",verified,0,Ishwar Yadav,harini14@example.com,UI Designer,Design
a5053925-9240-401b-aacb-3d76b1321b85,JOB-1015,2026-05-22T23:18:07.613051,2026-05-23T17:10:47.693536,2026-05-27T08:56:48.237441,2026-05-28T03:28:31.923150,2026-05-29T02:45:48.762027,a77186d8b8061ba94ae02340e2662c3c0eb4e59c466b06dd0c8e75132b375a2e,"{""candidate_id"": ""a5053925-9240-401b-aacb-3d76b1321b85"", ""job_id"": ""JOB-1015"", ""job_title"": ""Analytics Engineer"", ""salary_inr"": 1213212, ""offer_date"": ""2026-05-28T03:28:31.923150"", ""issuer"": ""PlaceMux-HR""}",verified,0,Sudiksha Aggarwal,xiti28@example.org,Analytics Engineer,Data
0d29a6c9-f96a-4b4e-b626-be9744ed522b,JOB-1070,2026-05-31T13:04:46.564256,2026-06-03T09:05:54.978458,2026-06-05T16:24:43.790377,2026-06-07T03:05:21.603185,2026-06-08T19:27:09.432477,92411cb7edb8dfc41af3549742c5eeabcf180ed53ea835e0152c53814a39d569,"{""candidate_id"": ""0d29a6c9-f96a-4b4e-b626-be9744ed522b"", ""job_id"": ""JOB-1070"", ""job_title"": ""Data Analyst"", ""salary_inr"": 1429821, ""offer_date"": ""2026-06-07T03:05:21.603185"", ""issuer"": ""PlaceMux-HR""}",verified,0,Yashica Issac,kashviedwin@example.net,Data Analyst,Data
afa5ed6e-b43e-4b00-894a-86666c88f135,JOB-1079,2026-06-10T18:09:39.731631,2026-06-14T09:59:48.128661,2026-06-17T21:05:10.083614,2026-06-18T14:19:40.543745,,,"{""candidate_id"": ""afa5ed6e-b43e-4b00-894a-86666c88f135"", ""job_id"": ""JOB-1079"", ""job_title"": ""Product Designer"", ""salary_inr"": 1495125, ""offer_date"": ""2026-06-18T14:19:40.543745"", ""issuer"": ""PlaceMux-HR""}",not_signed,0,Ekiya Suresh,choudhuryjanani@example.com,Product Designer,Design
992f31a3-aa38-4319-93ea-6b90fee2eabe,JOB-1024,2026-05-13T17:29:10.541769,2026-05-16T23:29:24.011198,2026-05-20T09:43:46.249956,2026-05-21T03:54:30.527946,2026-05-22T12:16:31.033850,99ffc7c0631121174919ed2cc686fbbc7a1c2ff94b58500914884e8ab8138b8c,"{""candidate_id"": ""992f31a3-aa38-4319-93ea-6b90fee2eabe"", ""job_id"": ""JOB-1024"", ""job_title"": ""Product Designer"", ""salary_inr"": 1301701, ""offer_date"": ""2026-05-21T03:54:30.527946"", ""issuer"": ""PlaceMux-HR""}",verified,0,Dalbir Khosla,chadavedika@example.org,Product Designer,Design
356d3d90-8de8-4e8b-9591-62da3812b77b,JOB-1005,2026-06-09T15:34:05.765409,2026-06-11T03:24:22.774279,2026-06-14T19:08:10.660106,2026-06-16T02:23:01.571675,2026-06-16T10:00:51.340014,d28fce93e79132bbceb6277eaba44ecc1f8117bddf996e170994fa3bd4d70aa3,"{""candidate_id"": ""356d3d90-8de8-4e8b-9591-62da3812b77b"", ""job_id"": ""JOB-1005"", ""job_title"": ""Operations Manager"", ""salary_inr"": 677934, ""offer_date"": ""2026-06-16T02:23:01.571675"", ""issuer"": ""PlaceMux-HR""}",verified,0,Kabir Soman,alkawable@example.net,Operations Manager,Operations
66e0a4ae-9c47-4832-8f78-58fcf40520e7,JOB-1098,2026-05-14T14:18:20.715867,2026-05-15T19:01:57.607524,2026-05-16T21:22:39.021522,2026-05-17T12:09:02.080504,2026-05-18T22:53:06.930086,73bd3d61df73005091967613b1f43cf0f4e81ae0d12b9a9e7b9339616314fb68,"{""candidate_id"": ""66e0a4ae-9c47-4832-8f78-58fcf40520e7"", ""job_id"": ""JOB-1098"", ""job_title"": ""Operations Manager"", ""salary_inr"": 825498, ""offer_date"": ""2026-05-17T12:09:02.080504"", ""issuer"": ""PlaceMux-HR""}",verified,0,Siddharth Zacharia,devikarastogi@example.net,Operations Manager,Operations
201417dc-d6cd-4714-918c-564136c11ff5,JOB-1029,2026-06-23T06:51:37.239857,2026-06-25T19:13:00.119838,2026-06-29T16:10:40.468234,2026-06-30T13:04:22.657469,2026-07-01T18:26:53.929220,dcc3411f73d28d841b1b17d08237669c5395ee700e790469a81f075ac4e53e27,"{""candidate_id"": ""201417dc-d6cd-4714-918c-564136c11ff5"", ""job_id"": ""JOB-1029"", ""job_title"": ""UI Designer"", ""salary_inr"": 1569145, ""offer_date"": ""2026-06-30T13:04:22.657469"", ""issuer"": ""PlaceMux-HR""}",verified,0,Raksha Varughese,pdara@example.org,UI Designer,Design
22735842-758a-498e-b073-6efacaac28a8,JOB-1035,2026-06-16T19:44:54.892019,2026-06-18T02:07:52.451791,2026-06-22T07:19:32.818084,2026-06-23T17:56:45.243467,2026-06-25T03:55:44.193964,ac96b443ad2b90cd866bc41c6b6216da61915c461beb5e644be6e28b57d5145f,"{""candidate_id"": ""22735842-758a-498e-b073-6efacaac28a8"", ""job_id"": ""JOB-1035"", ""job_title"": ""Mobile Engineer"", ""salary_inr"": 1347059, ""offer_date"": ""2026-06-23T17:56:45.243467"", ""issuer"": ""PlaceMux-HR""}",verified,0,Hamsini Bail,thomasamble@example.org,Mobile Engineer,Engineering
f29a9113-d6bf-43e0-b7d9-6e264e9ce541,JOB-1046,2026-05-28T12:07:41.606574,2026-05-31T19:26:49.986935,2026-06-04T11:32:04.851317,2026-06-06T11:00:07.015883,2026-06-08T06:16:44.628484,7138081746819dd1d1a41025f557317ce50b1edb2c2f899b0ed3ff17c96abcc1,"{""candidate_id"": ""f29a9113-d6bf-43e0-b7d9-6e264e9ce541"", ""job_id"": ""JOB-1046"", ""job_title"": ""Analytics Engineer"", ""salary_inr"": 1054507, ""offer_date"": ""2026-06-06T11:00:07.015883"", ""issuer"": ""PlaceMux-HR""}",verified,0,Veer Bir,narayananekavir@example.net,Analytics Engineer,Data
9c3111f3-4c02-4071-b708-23474c020c22,JOB-1045,2026-06-19T00:25:57.237344,2026-06-22T15:21:44.174958,2026-06-25T08:19:45.780528,2026-06-27T04:13:51.569832,2026-06-28T12:53:27.089079,955d3da34889ccdb5e652c030ad1d39e73bc763fbe7013fae55b9a27d9317b71,"{""candidate_id"": ""9c3111f3-4c02-4071-b708-23474c020c22"", ""job_id"": ""JOB-1045"", ""job_title"": ""Associate PM"", ""salary_inr"": 2084825, ""offer_date"": ""2026-06-27T04:13:51.569832"", ""issuer"": ""PlaceMux-HR""}",verified,0,Arya Sunder,kevinsolanki@example.org,Associate PM,Product
5a8274c1-9679-4e17-bfa1-b656c2a34b7e,JOB-1034,2026-05-16T16:03:32.490580,2026-05-18T00:49:37.787203,2026-05-21T14:02:33.579753,2026-05-23T03:44:18.467346,2026-05-24T17:45:02.699505,4c54ee51334e280e9a31178e3ec963a0e07f6316c72f7bd03ba0b7c7109702bb,"{""candidate_id"": ""5a8274c1-9679-4e17-bfa1-b656c2a34b7e"", ""job_id"": ""JOB-1034"", ""job_title"": ""Senior PM"", ""salary_inr"": 1743864, ""offer_date"": ""2026-05-23T03:44:18.467346"", ""issuer"": ""PlaceMux-HR""}",verified,0,Niharika Gupta,chatterjeeraagini@example.com,Senior PM,Product
8c71ae84-c9e7-4fcf-acb2-30d7f7b2bed5,JOB-1082,2026-06-12T22:19:40.071113,2026-06-14T06:01:30.929105,2026-06-16T14:15:59.837761,2026-06-18T09:33:35.288075,2026-06-18T16:16:50.937372,4f64e1625e3fe64e4d3fe6b829df81be44f8c7d5e8ad2942a91a3fab56b97b38,"{""candidate_id"": ""8c71ae84-c9e7-4fcf-acb2-30d7f7b2bed5"", ""job_id"": ""JOB-1082"", ""job_title"": ""Recruiter"", ""salary_inr"": 581247, ""offer_date"": ""2026-06-18T09:33:35.288075"", ""issuer"": ""PlaceMux-HR""}",verified,0,Nirja Sibal,chaudharidarsh@example.com,Recruiter,Operations
bea3b379-d18a-4d78-b81c-f0da821505b7,JOB-1068,2026-06-12T12:04:00.333882,2026-06-13T05:27:43.138338,2026-06-15T20:35:29.480495,2026-06-17T00:27:59.085151,2026-06-18T06:59:10.979388,36b4525ff3f62d149f3476d7e464b438ddac50595b7e734b723b4de26a5d8c5d,"{""candidate_id"": ""bea3b379-d18a-4d78-b81c-f0da821505b7"", ""job_id"": ""JOB-1068"", ""job_title"": ""Frontend Engineer"", ""salary_inr"": 1540911, ""offer_date"": ""2026-06-17T00:27:59.085151"", ""issuer"": ""PlaceMux-HR""}",verified,0,Ikbal Kothari,ranveeryadav@example.com,Frontend Engineer,Engineering
3363739f-3f9d-453b-8b5a-6fe3d9c83923,JOB-1020,2026-06-26T21:09:09.085468,2026-06-27T10:47:35.549185,2026-07-01T23:20:10.495290,2026-07-03T04:39:59.846225,2026-07-04T15:31:55.865867,3f459e2747a1d293cf6b4e68660fcff07815e6fa7fd84b1ddf00b2d9957c1f2b,"{""candidate_id"": ""3363739f-3f9d-453b-8b5a-6fe3d9c83923"", ""job_id"": ""JOB-1020"", ""job_title"": ""Operations Manager"", ""salary_inr"": 1112451, ""offer_date"": ""2026-07-03T04:39:59.846225"", ""issuer"": ""PlaceMux-HR""}",verified,0,Pahal Goswami,turvi31@example.com,Operations Manager,Operations
aaa06d94-50c9-4540-8aa1-33a1bffa51f0,JOB-1034,2026-06-21T07:47:17.679087,2026-06-25T03:52:35.013440,2026-06-27T20:06:08.768717,2026-06-29T08:59:35.250683,2026-07-01T00:46:06.669051,8d882aa11f625c75bc8a32fb59e3a7221930668d071bc9613c61dba6d563d426,"{""candidate_id"": ""aaa06d94-50c9-4540-8aa1-33a1bffa51f0"", ""job_id"": ""JOB-1034"", ""job_title"": ""Data Scientist"", ""salary_inr"": 1617861, ""offer_date"": ""2026-06-29T08:59:35.250683"", ""issuer"": ""PlaceMux-HR""}",verified,0,Chandresh Zachariah,chanderwarjas@example.org,Data Scientist,Data
c622195d-d061-4f21-804f-9a0b4938d028,JOB-1071,2026-05-17T11:51:00.159518,2026-05-19T16:38:38.298443,2026-05-22T05:58:27.347885,2026-05-23T15:24:16.929392,2026-05-26T01:04:22.107514,073776789c4dfb2c15da0d9a06f7c68bbe8dbe468031fa96c734589bb30b65d0,"{""candidate_id"": ""c622195d-d061-4f21-804f-9a0b4938d028"", ""job_id"": ""JOB-1071"", ""job_title"": ""Recruiter"", ""salary_inr"": 730080, ""offer_date"": ""2026-05-23T15:24:16.929392"", ""issuer"": ""PlaceMux-HR""}",verified,0,Vedika Srivastava,nandinibhargava@example.org,Recruiter,Operations
6c2041eb-dd6c-4e39-8c60-edd1176ee9b7,JOB-1041,2026-06-28T23:03:46.234795,2026-07-01T07:55:45.220366,2026-07-05T22:59:39.835276,2026-07-07T05:02:15.650935,,,"{""candidate_id"": ""6c2041eb-dd6c-4e39-8c60-edd1176ee9b7"", ""job_id"": ""JOB-1041"", ""job_title"": ""Senior PM"", ""salary_inr"": 1067654, ""offer_date"": ""2026-07-07T05:02:15.650935"", ""issuer"": ""PlaceMux-HR""}",not_signed,0,Aarnav Ramakrishnan,suhani46@example.net,Senior PM,Product
0e94f84a-f336-45c9-b580-fda90c0a3725,JOB-1004,2026-05-09T06:13:49.645140,2026-05-11T09:00:47.254621,2026-05-12T13:50:25.623955,2026-05-13T10:31:15.676042,2026-05-14T02:32:56.044686,315280115a8c69d9eca0145f727dbccc2ae80316e01d0bb4311d646f4868e7fd,"{""candidate_id"": ""0e94f84a-f336-45c9-b580-fda90c0a3725"", ""job_id"": ""JOB-1004"", ""job_title"": ""Frontend Engineer"", ""salary_inr"": 2697732, ""offer_date"": ""2026-05-13T10:31:15.676042"", ""issuer"": ""PlaceMux-HR""}",verified,0,Mohammed Gupta,teerth09@example.net,Frontend Engineer,Engineering
5f48f069-bbda-4abf-be95-e8b08c1692ab,JOB-1034,2026-05-17T19:30:45.798809,2026-05-21T15:24:49.924655,2026-05-24T07:53:02.728783,2026-05-26T00:37:12.617705,2026-05-27T11:00:43.045041,e1e2413f00d49f3aff5d70c45ed20516303bfaf49a26c5114496444d7c11def5,"{""candidate_id"": ""5f48f069-bbda-4abf-be95-e8b08c1692ab"", ""job_id"": ""JOB-1034"", ""job_title"": ""UX Researcher"", ""salary_inr"": 1636825, ""offer_date"": ""2026-05-26T00:37:12.617705"", ""issuer"": ""PlaceMux-HR""}",tampered,1,Dipta Bhandari,soodyadavi@example.net,UX Researcher,Design
408a312e-d797-4816-81fc-1799e1cb3c2c,JOB-1072,2026-06-09T03:01:50.482744,2026-06-12T08:39:15.356946,2026-06-15T23:13:21.765798,2026-06-17T12:24:32.305321,2026-06-20T08:49:53.064203,bb90c21d86fc378fa67ab7464cfa5bc9c33bf19fae4a7349731840feaef4e7a9,"{""candidate_id"": ""408a312e-d797-4816-81fc-1799e1cb3c2c"", ""job_id"": ""JOB-1072"", ""job_title"": ""Frontend Engineer"", ""salary_inr"": 1930401, ""offer_date"": ""2026-06-17T12:24:32.305321"", ""issuer"": ""PlaceMux-HR""}",tampered,1,Dakshesh Trivedi,grewalekapad@example.net,Frontend Engineer,Engineering
3993f7dc-5723-49a2-ad01-624e7a30b005,JOB-1027,2026-05-08T16:34:53.037085,2026-05-11T12:48:57.391698,2026-05-14T18:57:25.279213,2026-05-15T08:32:50.862493,2026-05-17T11:12:34.109144,2430181f5697072b213812fdd02e92119db40479f1c7b44e21d167e561cc9cff,"{""candidate_id"": ""3993f7dc-5723-49a2-ad01-624e7a30b005"", ""job_id"": ""JOB-1027"", ""job_title"": ""HR Generalist"", ""salary_inr"": 750132, ""offer_date"": ""2026-05-15T08:32:50.862493"", ""issuer"": ""PlaceMux-HR""}",verified,0,Wahab Raval,koshybalveer@example.net,HR Generalist,Operations
172a0bd7-6b22-44de-845c-21a1ca265b1c,JOB-1050,2026-06-27T22:36:04.416758,2026-06-30T22:56:35.642685,2026-07-05T01:36:40.518547,2026-07-05T12:49:01.022877,2026-07-06T11:54:02.570726,6363980159eee94db4f7e98370a68e6e13f894ecf7ff3a9a5510e47951ff3641,"{""candidate_id"": ""172a0bd7-6b22-44de-845c-21a1ca265b1c"", ""job_id"": ""JOB-1050"", ""job_title"": ""HR Generalist"", ""salary_inr"": 1136745, ""offer_date"": ""2026-07-05T12:49:01.022877"", ""issuer"": ""PlaceMux-HR""}",verified,0,Oni Virk,advika35@example.org,HR Generalist,Operations
25090791-b22a-4db2-a694-5e932e35daaa,JOB-1018,2026-06-10T18:12:11.838370,2026-06-14T14:41:23.304643,2026-06-17T04:46:07.079631,2026-06-18T16:13:45.408911,2026-06-18T22:37:30.108648,bdd73e07a00eeac9ee0c1544edcd63e86f2280383de0ba1e66fda532dfd777fd,"{""candidate_id"": ""25090791-b22a-4db2-a694-5e932e35daaa"", ""job_id"": ""JOB-1018"", ""job_title"": ""HR Generalist"", ""salary_inr"": 1103766, ""offer_date"": ""2026-06-18T16:13:45.408911"", ""issuer"": ""PlaceMux-HR""}",verified,0,Meghana Deep,tanvi51@example.org,HR Generalist,Operations
346c9f48-0d49-4ed6-82ec-f3fdf474bf1e,JOB-1031,2026-06-11T22:46:52.028275,2026-06-13T12:06:50.632366,2026-06-17T05:48:10.556302,2026-06-18T21:14:46.185744,2026-06-21T06:46:41.862307,6d7d8b763f0756e07c5997a68528e4de1c29100339d56f6121a0975add9e47c0,"{""candidate_id"": ""346c9f48-0d49-4ed6-82ec-f3fdf474bf1e"", ""job_id"": ""JOB-1031"", ""job_title"": ""UI Designer"", ""salary_inr"": 1103357, ""offer_date"": ""2026-06-18T21:14:46.185744"", ""issuer"": ""PlaceMux-HR""}",tampered,1,Harish Borah,yashawinilanka@example.org,UI Designer,Design
50b3bb26-2aca-4c7e-95a4-d8f39351bb11,JOB-1068,2026-06-09T19:24:50.133460,2026-06-10T13:12:22.650584,2026-06-14T03:22:13.599186,2026-06-14T07:55:37.699772,2026-06-15T14:45:04.713931,cc5ed162b68c85cda1008c2ec4495839cbefb5dea7e2af5ba0621a5dcbb6341e,"{""candidate_id"": ""50b3bb26-2aca-4c7e-95a4-d8f39351bb11"", ""job_id"": ""JOB-1068"", ""job_title"": ""Recruiter"", ""salary_inr"": 949186, ""offer_date"": ""2026-06-14T07:55:37.699772"", ""issuer"": ""PlaceMux-HR""}",verified,0,Ekapad Konda,bhavani27@example.net,Recruiter,Operations
d0d1ad8f-6c28-4895-b969-46b05c6b09d4,JOB-1074,2026-06-08T06:03:56.693367,2026-06-11T15:40:37.784214,2026-06-15T11:34:43.651479,2026-06-16T10:44:24.815248,2026-06-18T15:50:22.894954,7a35c5df5d7ca098684be74335f9eff5fd012a0154231b60e9a3d568e1f87be5,"{""candidate_id"": ""d0d1ad8f-6c28-4895-b969-46b05c6b09d4"", ""job_id"": ""JOB-1074"", ""job_title"": ""Product Designer"", ""salary_inr"": 1459563, ""offer_date"": ""2026-06-16T10:44:24.815248"", ""issuer"": ""PlaceMux-HR""}",verified,0,Abhiram Mistry,desaiaishani@example.org,Product Designer,Design
5c2d3fb7-6cae-42cf-ab9f-64cb88ce58f3,JOB-1051,2026-06-16T14:18:24.782063,2026-06-18T17:21:22.610605,2026-06-23T00:37:36.487819,2026-06-24T06:41:44.467479,2026-06-25T06:34:45.518889,fc51353618783ff52af067af4ebf2d64e17bd1caa21905fbc945957f1a7baa3c,"{""candidate_id"": ""5c2d3fb7-6cae-42cf-ab9f-64cb88ce58f3"", ""job_id"": ""JOB-1051"", ""job_title"": ""Analytics Engineer"", ""salary_inr"": 1928630, ""offer_date"": ""2026-06-24T06:41:44.467479"", ""issuer"": ""PlaceMux-HR""}",verified,0,Nachiket Magar,shivansh53@example.net,Analytics Engineer,Data
452a3a54-1e1d-4865-a9b4-b93d8062be25,JOB-1017,2026-06-23T00:22:19.561207,2026-06-24T08:51:23.865218,2026-06-27T05:28:07.111276,2026-06-28T12:19:23.653226,,,"{""candidate_id"": ""452a3a54-1e1d-4865-a9b4-b93d8062be25"", ""job_id"": ""JOB-1017"", ""job_title"": ""UI Designer"", ""salary_inr"": 1284954, ""offer_date"": ""2026-06-28T12:19:23.653226"", ""issuer"": ""PlaceMux-HR""}",not_signed,0,Yashasvi Suresh,charan16@example.com,UI Designer,Design
c48be3da-3143-4c5d-b38b-0dac0bb29c92,JOB-1011,2026-05-20T14:50:36.949672,2026-05-22T19:47:52.049227,2026-05-25T05:51:39.557537,2026-05-25T21:13:42.579100,2026-05-26T18:05:03.288642,bc5789a5361f187f3ffad0550b3eca63cc46fd24ba349095b2c2aea77f980742,"{""candidate_id"": ""c48be3da-3143-4c5d-b38b-0dac0bb29c92"", ""job_id"": ""JOB-1011"", ""job_title"": ""Content Strategist"", ""salary_inr"": 1492288, ""offer_date"": ""2026-05-25T21:13:42.579100"", ""issuer"": ""PlaceMux-HR""}",verified,0,Aarush Nath,adwetaedwin@example.net,Content Strategist,Marketing
b64f17f8-7a00-47c8-9dfd-f99e77e25420,JOB-1019,2026-06-01T02:45:59.176227,2026-06-02T06:48:54.638702,2026-06-04T05:59:07.289711,2026-06-05T03:52:05.504659,2026-06-06T20:17:08.544339,d0f1e2878fa9c6a23fbc2273a27b41a934e9e4357d7af41350316fd9bee1f5fe,"{""candidate_id"": ""b64f17f8-7a00-47c8-9dfd-f99e77e25420"", ""job_id"": ""JOB-1019"", ""job_title"": ""Backend Engineer"", ""salary_inr"": 942576, ""offer_date"": ""2026-06-05T03:52:05.504659"", ""issuer"": ""PlaceMux-HR""}",verified,0,Prisha Andra,borramanthan@example.net,Backend Engineer,Engineering
06343020-79d6-4132-ade1-2effec898b05,JOB-1087,2026-05-28T00:11:40.368394,2026-05-28T13:38:34.730021,2026-05-30T17:53:22.546925,2026-05-31T15:40:59.685708,2026-06-01T09:57:28.485595,fc05b42548582531c09bc08bf7da2201d92db934d0a708e3eb7b5b852f448021,"{""candidate_id"": ""06343020-79d6-4132-ade1-2effec898b05"", ""job_id"": ""JOB-1087"", ""job_title"": ""Operations Manager"", ""salary_inr"": 1014663, ""offer_date"": ""2026-05-31T15:40:59.685708"", ""issuer"": ""PlaceMux-HR""}",verified,0,Kala Divan,cdatta@example.com,Operations Manager,Operations
c06205e8-17ee-45da-9889-3b7ee01f78db,JOB-1008,2026-06-01T23:21:02.794397,2026-06-03T23:05:35.147359,2026-06-07T22:42:10.434287,2026-06-08T17:15:27.775763,2026-06-10T20:09:37.498986,8ca767bb0bc64c16c19daa470e96ff2d4d34f6a7f2cb8e68a30318c93c175cb0,"{""candidate_id"": ""c06205e8-17ee-45da-9889-3b7ee01f78db"", ""job_id"": ""JOB-1008"", ""job_title"": ""Analytics Engineer"", ""salary_inr"": 1960716, ""offer_date"": ""2026-06-08T17:15:27.775763"", ""issuer"": ""PlaceMux-HR""}",verified,0,Balveer Parmar,zaidchauhan@example.com,Analytics Engineer,Data
d2114b48-941a-45f9-8ebc-14c3a99f8ac6,JOB-1076,2026-06-13T09:28:21.476931,2026-06-14T23:58:43.175198,2026-06-18T23:17:42.870792,2026-06-20T21:08:01.876358,2026-06-22T23:08:07.680796,0276032183d6f707562df76bdcc3a648be945a0c3656144d043ce6714f3e61e7,"{""candidate_id"": ""d2114b48-941a-45f9-8ebc-14c3a99f8ac6"", ""job_id"": ""JOB-1076"", ""job_title"": ""Data Scientist"", ""salary_inr"": 1053033, ""offer_date"": ""2026-06-20T21:08:01.876358"", ""issuer"": ""PlaceMux-HR""}",verified,0,Mohammed Khalsa,petersachar@example.org,Data Scientist,Data
fccd0f9a-e3ca-478e-a8a9-80d51668d963,JOB-1032,2026-06-13T14:13:32.149003,2026-06-17T12:15:38.112723,2026-06-20T14:37:32.614687,2026-06-21T07:04:39.609286,2026-06-21T15:12:54.082514,35c29316db66a155a3d473c3ff11c6d2ec2cdd303ee0bee709619ac0c4edb509,"{""candidate_id"": ""fccd0f9a-e3ca-478e-a8a9-80d51668d963"", ""job_id"": ""JOB-1032"", ""job_title"": ""Analytics Engineer"", ""salary_inr"": 1379861, ""offer_date"": ""2026-06-21T07:04:39.609286"", ""issuer"": ""PlaceMux-HR""}",verified,0,Gaurangi Sabharwal,amaradutta@example.net,Analytics Engineer,Data
6a48e104-bf57-458e-a5c7-b8465bd9be9c,JOB-1087,2026-05-19T06:05:18.683575,2026-05-22T05:33:43.473654,2026-05-23T17:42:50.544577,2026-05-23T23:43:00.231613,2026-05-24T04:35:17.082386,3d25b529e92dc8591860ff726399ba06ab994dc8b8642e1a3c0a31987a0a6de4,"{""candidate_id"": ""6a48e104-bf57-458e-a5c7-b8465bd9be9c"", ""job_id"": ""JOB-1087"", ""job_title"": ""Growth Marketer"", ""salary_inr"": 788158, ""offer_date"": ""2026-05-23T23:43:00.231613"", ""issuer"": ""PlaceMux-HR""}",verified,0,Lavanya Barad,mkapadia@example.com,Growth Marketer,Marketing
96b1a556-95f3-472c-97de-e6a2f55778e0,JOB-1087,2026-06-22T05:24:26.349948,2026-06-24T10:38:28.067172,2026-06-28T22:25:20.007587,2026-06-30T03:40:51.779976,2026-07-01T14:00:29.639100,712091cf7220c50ffa183d66ecdb3bbbcb2c1378051e1317f4062cbf0471ba17,"{""candidate_id"": ""96b1a556-95f3-472c-97de-e6a2f55778e0"", ""job_id"": ""JOB-1087"", ""job_title"": ""Operations Manager"", ""salary_inr"": 1168854, ""offer_date"": ""2026-06-30T03:40:51.779976"", ""issuer"": ""PlaceMux-HR""}",verified,0,Dalaja Kari,arjunhans@example.com,Operations Manager,Operations
4245420e-18ef-4b3a-bbbf-1fd9e8d91048,JOB-1098,2026-05-16T06:23:31.479653,2026-05-19T18:46:36.504156,2026-05-21T05:43:45.019991,2026-05-21T12:36:15.420113,2026-05-23T00:31:05.840923,2f7eb0865f26671a9108e7db4ba5d7fe0e95d07e85e48c648b905f47f19e2972,"{""candidate_id"": ""4245420e-18ef-4b3a-bbbf-1fd9e8d91048"", ""job_id"": ""JOB-1098"", ""job_title"": ""Content Strategist"", ""salary_inr"": 653872, ""offer_date"": ""2026-05-21T12:36:15.420113"", ""issuer"": ""PlaceMux-HR""}",verified,0,Arya Boase,indali86@example.net,Content Strategist,Marketing
ca570c82-49e4-47db-b3ec-c298b6ebae37,JOB-1014,2026-05-10T01:40:03.781248,2026-05-12T12:56:46.475406,2026-05-14T18:06:52.028299,2026-05-16T17:50:48.658936,2026-05-17T03:15:24.878237,ce4db200031bdee21b93bcd2e026ed262fa6aea7bc030e2a4fa55fa620211aab,"{""candidate_id"": ""ca570c82-49e4-47db-b3ec-c298b6ebae37"", ""job_id"": ""JOB-1014"", ""job_title"": ""HR Generalist"", ""salary_inr"": 659097, ""offer_date"": ""2026-05-16T17:50:48.658936"", ""issuer"": ""PlaceMux-HR""}",verified,0,Ayaan D’Alia,pranav94@example.org,HR Generalist,Operations
dc0008f0-2708-4442-afcc-b4645fbfa783,JOB-1020,2026-06-16T15:49:18.813133,2026-06-18T11:46:25.128240,2026-06-23T02:59:24.241147,2026-06-23T20:04:24.977338,2026-06-25T14:51:32.002795,50b438693b118ce5fa198e75a67175988ab8aefdeb02f21b167f9e9345b72286,"{""candidate_id"": ""dc0008f0-2708-4442-afcc-b4645fbfa783"", ""job_id"": ""JOB-1020"", ""job_title"": ""UX Researcher"", ""salary_inr"": 1173300, ""offer_date"": ""2026-06-23T20:04:24.977338"", ""issuer"": ""PlaceMux-HR""}",verified,0,Radha Pai,rajata98@example.org,UX Researcher,Design
a0954f22-a649-4e70-8c0f-ff672a1f3d22,JOB-1092,2026-06-06T16:41:30.152416,2026-06-09T18:51:33.158395,2026-06-14T13:49:40.331627,2026-06-15T02:58:13.935909,2026-06-15T18:57:11.975829,28e7f9e59860df30df12e1bd11a0de708fd68cec006b25ade4705ba03dc6cbb0,"{""candidate_id"": ""a0954f22-a649-4e70-8c0f-ff672a1f3d22"", ""job_id"": ""JOB-1092"", ""job_title"": ""Data Analyst"", ""salary_inr"": 926312, ""offer_date"": ""2026-06-15T02:58:13.935909"", ""issuer"": ""PlaceMux-HR""}",verified,0,Ranveer Kumar,sarinaarav@example.net,Data Analyst,Data
20d7edcd-bf4a-451d-8743-cd43c2920ed0,JOB-1064,2026-06-03T05:41:31.304412,2026-06-04T06:50:26.767322,2026-06-06T22:03:30.440433,2026-06-08T08:23:26.828341,,,"{""candidate_id"": ""20d7edcd-bf4a-451d-8743-cd43c2920ed0"", ""job_id"": ""JOB-1064"", ""job_title"": ""HR Generalist"", ""salary_inr"": 682256, ""offer_date"": ""2026-06-08T08:23:26.828341"", ""issuer"": ""PlaceMux-HR""}",not_signed,0,Januja Sankar,narayanandipta@example.net,HR Generalist,Operations
4abb7c9a-ae99-4c89-b44e-4ae72239ab3d,JOB-1013,2026-06-12T12:50:22.525430,2026-06-15T11:53:25.962998,2026-06-18T07:28:39.189404,2026-06-19T17:43:20.960743,2026-06-22T12:19:12.623713,6cff7ce6b666491de552b1cb796c438c69e312f6e51fa15d3f9d8c206336ab9a,"{""candidate_id"": ""4abb7c9a-ae99-4c89-b44e-4ae72239ab3d"", ""job_id"": ""JOB-1013"", ""job_title"": ""Senior PM"", ""salary_inr"": 1404199, ""offer_date"": ""2026-06-19T17:43:20.960743"", ""issuer"": ""PlaceMux-HR""}",verified,0,Charita Tripathi,nilima56@example.net,Senior PM,Product
86eab2bf-1286-4430-95ae-3933111d1bed,JOB-1081,2026-06-18T08:26:50.549916,2026-06-19T13:03:51.080156,2026-06-21T00:04:57.770287,2026-06-21T13:58:27.587209,2026-06-22T01:33:09.278124,450fe8ac9acc3f377283e4339e8501c859733d8930cebcce8a55a886e303201a,"{""candidate_id"": ""86eab2bf-1286-4430-95ae-3933111d1bed"", ""job_id"": ""JOB-1081"", ""job_title"": ""HR Generalist"", ""salary_inr"": 1193300, ""offer_date"": ""2026-06-21T13:58:27.587209"", ""issuer"": ""PlaceMux-HR""}",verified,0,Joshua Handa,rraghavan@example.net,HR Generalist,Operations
6d1c819c-a92e-4da1-bd5d-d696ab618a2c,JOB-1025,2026-05-11T01:45:07.242657,2026-05-12T15:35:29.054792,2026-05-16T15:29:28.843539,2026-05-17T20:32:11.240151,2026-05-18T18:01:40.106522,61e2778e0f9b6171c0ec59333d6d5d5bf5e33ccebb0f42060de57dde55173e2d,"{""candidate_id"": ""6d1c819c-a92e-4da1-bd5d-d696ab618a2c"", ""job_id"": ""JOB-1025"", ""job_title"": ""SEO Specialist"", ""salary_inr"": 662535, ""offer_date"": ""2026-05-17T20:32:11.240151"", ""issuer"": ""PlaceMux-HR""}",verified,0,Charvi Ravi,modibhavini@example.org,SEO Specialist,Marketing
5037fd9b-d311-4404-a83e-bd5919a040e3,JOB-1097,2026-05-25T06:26:07.666677,2026-05-26T17:18:14.915484,2026-05-29T21:08:32.543518,2026-05-30T20:24:13.547508,2026-06-01T15:51:51.718326,44478e91967dbdf9aa4857769a08dbd59c6dd128e11a75c3b6bb9c6c539b0e1b,"{""candidate_id"": ""5037fd9b-d311-4404-a83e-bd5919a040e3"", ""job_id"": ""JOB-1097"", ""job_title"": ""Associate PM"", ""salary_inr"": 2267447, ""offer_date"": ""2026-05-30T20:24:13.547508"", ""issuer"": ""PlaceMux-HR""}",verified,0,Ekanta Shroff,rsathe@example.org,Associate PM,Product
e2395341-a16f-4d8b-b53c-5827e9586347,JOB-1099,2026-05-16T03:21:10.709441,2026-05-16T23:01:27.959958,2026-05-21T19:22:04.436876,2026-05-23T12:09:00.281319,2026-05-25T05:59:21.173636,2895df1c64ebc41df6e4d1833bbbaecf287a8b4d31b7eb0dd9bdb973beaa3052,"{""candidate_id"": ""e2395341-a16f-4d8b-b53c-5827e9586347"", ""job_id"": ""JOB-1099"", ""job_title"": ""Senior PM"", ""salary_inr"": 2066079, ""offer_date"": ""2026-05-23T12:09:00.281319"", ""issuer"": ""PlaceMux-HR""}",verified,0,Omkaar Chad,yutika95@example.org,Senior PM,Product
586b7546-3be0-489c-a5c1-a5f4b1479027,JOB-1076,2026-06-19T09:40:11.238756,2026-06-21T22:04:28.326900,2026-06-25T23:19:58.798742,2026-06-26T11:02:29.010047,2026-06-28T00:53:16.167803,2697df065b5568be1ebb1cead276c4fefb6313726c4d10d9e69a54bd309a6b4c,"{""candidate_id"": ""586b7546-3be0-489c-a5c1-a5f4b1479027"", ""job_id"": ""JOB-1076"", ""job_title"": ""Growth Marketer"", ""salary_inr"": 1304938, ""offer_date"": ""2026-06-26T11:02:29.010047"", ""issuer"": ""PlaceMux-HR""}",verified,0,Dayita Kar,mananbakshi@example.org,Growth Marketer,Marketing
225aa1a0-cf52-46b5-be9e-51b0cd18716f,JOB-1002,2026-06-08T04:54:47.488987,2026-06-10T10:13:05.371570,2026-06-11T18:58:38.747185,2026-06-12T14:17:15.778502,2026-06-13T14:57:09.403923,bb7738c38006d35bc124a02ff45b4f32cecbf14e8920c0339ef45cca5a1aeb75,"{""candidate_id"": ""225aa1a0-cf52-46b5-be9e-51b0cd18716f"", ""job_id"": ""JOB-1002"", ""job_title"": ""UX Researcher"", ""salary_inr"": 1614117, ""offer_date"": ""2026-06-12T14:17:15.778502"", ""issuer"": ""PlaceMux-HR""}",verified,0,Vaishnavi Bora,osachdeva@example.net,UX Researcher,Design
3b2cd86a-93c5-43dc-b0b7-d5efdcdfd1d9,JOB-1039,2026-05-25T19:35:31.648797,2026-05-28T01:12:41.480737,2026-05-31T16:49:10.351121,2026-06-01T14:26:21.988283,,,"{""candidate_id"": ""3b2cd86a-93c5-43dc-b0b7-d5efdcdfd1d9"", ""job_id"": ""JOB-1039"", ""job_title"": ""DevOps Engineer"", ""salary_inr"": 2283296, ""offer_date"": ""2026-06-01T14:26:21.988283"", ""issuer"": ""PlaceMux-HR""}",not_signed,0,Leena Talwar,jkohli@example.net,DevOps Engineer,Engineering
690bf9c8-95b1-49dc-89ff-fd053453b7e8,JOB-1030,2026-05-19T23:43:40.446107,2026-05-21T14:52:58.439077,2026-05-26T12:01:14.280662,2026-05-27T09:48:15.609691,2026-05-28T23:20:26.411786,90de3ef81d16fa08e33eaa27dcb321b08f5f48a6560bb929d5f91ac9b962ce0b,"{""candidate_id"": ""690bf9c8-95b1-49dc-89ff-fd053453b7e8"", ""job_id"": ""JOB-1030"", ""job_title"": ""Product Manager"", ""salary_inr"": 984674, ""offer_date"": ""2026-05-27T09:48:15.609691"", ""issuer"": ""PlaceMux-HR""}",verified,0,Hredhaan Sandal,patrickvasa@example.com,Product Manager,Product
13113701-76b6-44ca-9d29-e6c891dda7af,JOB-1010,2026-05-28T20:04:08.875724,2026-05-29T12:37:20.191142,2026-06-01T14:23:32.845176,2026-06-02T21:47:18.050596,2026-06-04T10:10:52.887565,c5c650210d6afbd36f7636d180a8e693a4009532ef7f32e7c767df1d4a3f8959,"{""candidate_id"": ""13113701-76b6-44ca-9d29-e6c891dda7af"", ""job_id"": ""JOB-1010"", ""job_title"": ""Growth Marketer"", ""salary_inr"": 1288957, ""offer_date"": ""2026-06-02T21:47:18.050596"", ""issuer"": ""PlaceMux-HR""}",tampered,1,Zaid Dara,zdeol@example.com,Growth Marketer,Marketing
4268981f-1a4b-402b-be49-7a211974a98e,JOB-1008,2026-05-08T23:28:56.082216,2026-05-10T11:40:36.095660,2026-05-15T00:14:16.686619,2026-05-16T01:33:55.035256,2026-05-16T04:36:54.064744,ee81c58da635532d71bdb752818c71add5b554dd2863e265517c89421f0e2af7,"{""candidate_id"": ""4268981f-1a4b-402b-be49-7a211974a98e"", ""job_id"": ""JOB-1008"", ""job_title"": ""HR Generalist"", ""salary_inr"": 1075898, ""offer_date"": ""2026-05-16T01:33:55.035256"", ""issuer"": ""PlaceMux-HR""}",verified,0,Saanvi Thaman,ksehgal@example.net,HR Generalist,Operations
04a27d2d-6f20-405b-89f1-abd7fbbd9b00,JOB-1016,2026-05-10T14:53:15.904503,2026-05-13T01:09:29.620221,2026-05-16T06:10:27.707190,2026-05-16T14:16:32.044673,2026-05-19T13:43:32.969502,a5a15e52c5c0118a1a553004dcc7c2e5e211e2362a4db67cf7eea1c595a70298,"{""candidate_id"": ""04a27d2d-6f20-405b-89f1-abd7fbbd9b00"", ""job_id"": ""JOB-1016"", ""job_title"": ""Growth Marketer"", ""salary_inr"": 1344261, ""offer_date"": ""2026-05-16T14:16:32.044673"", ""issuer"": ""PlaceMux-HR""}",verified,0,Shivani Lad,aradhanaverma@example.com,Growth Marketer,Marketing
6eab46bf-7c91-4e35-8b9f-366bf643662e,JOB-1070,2026-06-08T23:31:30.529992,2026-06-10T00:27:31.398019,2026-06-14T17:59:36.295532,2026-06-15T10:50:07.166677,2026-06-17T13:55:10.379286,1dbc33c91581bb7135670d2f95cf85ee03ec22b97a62928b091c298fc9dd1464,"{""candidate_id"": ""6eab46bf-7c91-4e35-8b9f-366bf643662e"", ""job_id"": ""JOB-1070"", ""job_title"": ""HR Generalist"", ""salary_inr"": 623172, ""offer_date"": ""2026-06-15T10:50:07.166677"", ""issuer"": ""PlaceMux-HR""}",verified,0,Anvi Sarraf,mangalwahab@example.com,HR Generalist,Operations
cda0b65a-006d-47f5-a7aa-315ea992d569,JOB-1067,2026-05-15T17:47:44.520431,2026-05-18T04:06:07.079680,2026-05-20T16:55:34.405858,2026-05-22T13:29:18.320807,2026-05-24T02:34:24.692698,3aded47d2734e0492013f327153b743965bf7960bcc2987fd67e280f672e8e4b,"{""candidate_id"": ""cda0b65a-006d-47f5-a7aa-315ea992d569"", ""job_id"": ""JOB-1067"", ""job_title"": ""Associate PM"", ""salary_inr"": 1790316, ""offer_date"": ""2026-05-22T13:29:18.320807"", ""issuer"": ""PlaceMux-HR""}",verified,0,Ekaja Zachariah,devimatthew@example.org,Associate PM,Product
21f4ca92-7c7e-40bb-a059-8ca6729e46c4,JOB-1027,2026-06-16T11:28:31.391135,2026-06-19T23:14:45.694839,2026-06-22T07:52:26.578859,2026-06-23T22:32:01.015932,,,"{""candidate_id"": ""21f4ca92-7c7e-40bb-a059-8ca6729e46c4"", ""job_id"": ""JOB-1027"", ""job_title"": ""Content Strategist"", ""salary_inr"": 889666, ""offer_date"": ""2026-06-23T22:32:01.015932"", ""issuer"": ""PlaceMux-HR""}",not_signed,0,Michael Kala,sachdevanikita@example.com,Content Strategist,Marketing
a30911d7-e9ac-439a-a70c-760f366e2e88,JOB-1088,2026-05-19T00:44:37.028554,2026-05-21T14:02:46.995812,2026-05-26T13:56:27.642176,2026-05-27T15:29:06.673086,2026-05-28T03:02:07.662025,1e899198a030ab4c47b63fd099d531f69e38a506d728badc218e0ca24d9b472d,"{""candidate_id"": ""a30911d7-e9ac-439a-a70c-760f366e2e88"", ""job_id"": ""JOB-1088"", ""job_title"": ""SEO Specialist"", ""salary_inr"": 1361319, ""offer_date"": ""2026-05-27T15:29:06.673086"", ""issuer"": ""PlaceMux-HR""}",verified,0,Ojasvi Bhatia,osharamachandran@example.net,SEO Specialist,Marketing
15ea0bd9-a152-40b4-9f3c-9276f8759c8d,JOB-1039,2026-06-15T21:21:35.464119,2026-06-17T17:02:43.784513,2026-06-22T10:35:57.524088,2026-06-24T04:51:42.430712,2026-06-27T03:29:48.426481,f49eaee92d27a3571e7a15f79a6d12be660344442b8279595b51d18c5f7b73f7,"{""candidate_id"": ""15ea0bd9-a152-40b4-9f3c-9276f8759c8d"", ""job_id"": ""JOB-1039"", ""job_title"": ""Senior PM"", ""salary_inr"": 1957454, ""offer_date"": ""2026-06-24T04:51:42.430712"", ""issuer"": ""PlaceMux-HR""}",verified,0,Lajita Sood,pandeychanchal@example.com,Senior PM,Product
dffc04e6-a09d-49cf-88d0-2399e62f27b6,JOB-1083,2026-05-03T17:40:31.101857,2026-05-06T20:13:49.939690,2026-05-10T15:55:56.695372,2026-05-12T07:38:03.865538,2026-05-13T12:02:45.594675,3ab04be30725b3c64bea7d83d9fa6e6337b5d9d177f05eea217eeb0e558642e2,"{""candidate_id"": ""dffc04e6-a09d-49cf-88d0-2399e62f27b6"", ""job_id"": ""JOB-1083"", ""job_title"": ""Analytics Engineer"", ""salary_inr"": 1661457, ""offer_date"": ""2026-05-12T07:38:03.865538"", ""issuer"": ""PlaceMux-HR""}",verified,0,Thomas Sura,anjalisarin@example.com,Analytics Engineer,Data
e01da914-eb47-4081-9e90-5dd570ef1e19,JOB-1066,2026-05-30T20:05:47.222949,2026-05-31T11:12:21.953420,2026-06-03T11:25:33.774906,2026-06-04T17:23:38.354909,2026-06-07T08:08:33.755004,bbe72211a09107b7db70d21906c81a1c11fde565814c1c7d83e53459e86592c8,"{""candidate_id"": ""e01da914-eb47-4081-9e90-5dd570ef1e19"", ""job_id"": ""JOB-1066"", ""job_title"": ""UX Researcher"", ""salary_inr"": 1018987, ""offer_date"": ""2026-06-04T17:23:38.354909"", ""issuer"": ""PlaceMux-HR""}",verified,0,Lopa Nayar,dgandhi@example.org,UX Researcher,Design
553e4480-9c58-46b5-8ff9-b5315e413015,JOB-1031,2026-06-24T17:51:33.160515,2026-06-25T07:08:54.274125,2026-06-26T20:59:14.385883,2026-06-28T15:18:30.168545,,,"{""candidate_id"": ""553e4480-9c58-46b5-8ff9-b5315e413015"", ""job_id"": ""JOB-1031"", ""job_title"": ""Data Analyst"", ""salary_inr"": 1902999, ""offer_date"": ""2026-06-28T15:18:30.168545"", ""issuer"": ""PlaceMux-HR""}",not_signed,0,Meera Bala,sanghakrishna@example.com,Data Analyst,Data
282a1c38-5d8f-4124-a781-27adf3c57765,JOB-1043,2026-06-28T06:28:35.124234,2026-06-29T22:54:56.041411,2026-07-03T17:24:54.750683,2026-07-05T02:00:28.876452,2026-07-07T15:29:00.085177,10b71e6233ae79aac84b39d54f3953af37f0491a70eb8342fbb1e8cd7c33de78,"{""candidate_id"": ""282a1c38-5d8f-4124-a781-27adf3c57765"", ""job_id"": ""JOB-1043"", ""job_title"": ""Product Manager"", ""salary_inr"": 2438977, ""offer_date"": ""2026-07-05T02:00:28.876452"", ""issuer"": ""PlaceMux-HR""}",verified,0,Chandresh Lad,nnarang@example.com,Product Manager,Product
e08d9ac5-aaf3-4884-86ff-21445649ff2e,JOB-1075,2026-06-27T08:47:03.151493,2026-06-30T01:26:07.223225,2026-07-04T14:37:46.032038,2026-07-05T16:05:56.913724,2026-07-07T07:30:40.606570,e5bc2549b3283a1b3d6b3656aaf453b546044ff3053b08c668e7a0ac21eb48bd,"{""candidate_id"": ""e08d9ac5-aaf3-4884-86ff-21445649ff2e"", ""job_id"": ""JOB-1075"", ""job_title"": ""Frontend Engineer"", ""salary_inr"": 2493874, ""offer_date"": ""2026-07-05T16:05:56.913724"", ""issuer"": ""PlaceMux-HR""}",verified,0,Geetika Raghavan,oviya41@example.com,Frontend Engineer,Engineering
2926c1af-392c-4f07-b86a-f28c78df95eb,JOB-1009,2026-06-25T08:57:39.951414,2026-06-29T08:44:41.550516,2026-07-03T08:26:04.006861,2026-07-04T07:31:45.088014,2026-07-04T15:31:07.151118,473ef2910863423f10804d4c6c61f3acd4468a06ccb39fa8992c057c7202633f,"{""candidate_id"": ""2926c1af-392c-4f07-b86a-f28c78df95eb"", ""job_id"": ""JOB-1009"", ""job_title"": ""Product Manager"", ""salary_inr"": 2235289, ""offer_date"": ""2026-07-04T07:31:45.088014"", ""issuer"": ""PlaceMux-HR""}",verified,0,Charles Palla,ekapadbaria@example.org,Product Manager,Product
fb9a5e6e-e668-43b7-b5d2-7aba6628d1f4,JOB-1007,2026-05-11T02:23:18.557741,2026-05-12T15:32:37.100407,2026-05-13T18:19:21.269799,2026-05-14T12:35:42.217017,2026-05-14T17:34:46.291721,1a83447a0f2972c89dfc212484b65f98c828cd90ae1685fa39286b282c1d12de,"{""candidate_id"": ""fb9a5e6e-e668-43b7-b5d2-7aba6628d1f4"", ""job_id"": ""JOB-1007"", ""job_title"": ""Recruiter"", ""salary_inr"": 965230, ""offer_date"": ""2026-05-14T12:35:42.217017"", ""issuer"": ""PlaceMux-HR""}",verified,0,Ryan Bahri,williamdate@example.com,Recruiter,Operations
3fa15adc-896f-4eaf-97a9-e43134459692,JOB-1004,2026-06-01T23:42:09.696620,2026-06-04T11:14:26.342543,2026-06-08T15:19:21.072716,2026-06-09T02:48:06.482728,2026-06-09T09:24:30.793157,a76e7ba7c2c8cc8f6615b9e75e711a67da9a1f65df631156f8533fc28f282c35,"{""candidate_id"": ""3fa15adc-896f-4eaf-97a9-e43134459692"", ""job_id"": ""JOB-1004"", ""job_title"": ""Product Manager"", ""salary_inr"": 1312119, ""offer_date"": ""2026-06-09T02:48:06.482728"", ""issuer"": ""PlaceMux-HR""}",verified,0,Tejas Shroff,jyoti29@example.net,Product Manager,Product
ea8db3e9-10a7-42bd-9486-bbb5698fb367,JOB-1065,2026-05-30T23:27:50.539612,2026-06-02T12:26:57.255921,2026-06-04T10:44:21.582269,2026-06-05T18:48:25.675820,2026-06-07T04:26:11.895410,85c2f65b3a10c1a03ee925cf30ce0ba1eeccb8139912a663c45fe88065636104,"{""candidate_id"": ""ea8db3e9-10a7-42bd-9486-bbb5698fb367"", ""job_id"": ""JOB-1065"", ""job_title"": ""UI Designer"", ""salary_inr"": 1205056, ""offer_date"": ""2026-06-05T18:48:25.675820"", ""issuer"": ""PlaceMux-HR""}",verified,0,Nihal Mukhopadhyay,baldevika@example.net,UI Designer,Design
636675a0-e522-4874-a94e-15d421737f66,JOB-1085,2026-06-24T04:33:53.155274,2026-06-27T01:29:02.687109,2026-06-28T16:38:59.062097,2026-06-29T16:05:09.059820,2026-06-30T17:37:15.633428,5a217c26c3e80059cb2b9cf35964752991f35a3f6e5e0ae6f28c8f50b748a99f,"{""candidate_id"": ""636675a0-e522-4874-a94e-15d421737f66"", ""job_id"": ""JOB-1085"", ""job_title"": ""Associate PM"", ""salary_inr"": 1775706, ""offer_date"": ""2026-06-29T16:05:09.059820"", ""issuer"": ""PlaceMux-HR""}",verified,0,Mekhala Issac,kibeharsh@example.net,Associate PM,Product
1b20d5dc-d308-4645-a5a5-52302c3d2c01,JOB-1069,2026-06-11T12:52:28.751930,2026-06-13T15:14:55.901681,2026-06-15T20:15:09.151019,2026-06-17T20:13:29.923794,2026-06-20T09:48:42.467028,b013decde58d2501c284fba88e0b5b7d3b3d74f41618c13bed27eab4ecc9ae52,"{""candidate_id"": ""1b20d5dc-d308-4645-a5a5-52302c3d2c01"", ""job_id"": ""JOB-1069"", ""job_title"": ""Data Analyst"", ""salary_inr"": 1689840, ""offer_date"": ""2026-06-17T20:13:29.923794"", ""issuer"": ""PlaceMux-HR""}",verified,0,Jai Barman,priya51@example.net,Data Analyst,Data
830393df-91b9-407e-a2eb-9986508ddd32,JOB-1073,2026-06-04T14:33:08.549383,2026-06-08T13:56:18.623376,2026-06-10T18:16:50.371918,2026-06-12T17:18:36.778275,2026-06-14T17:02:40.319226,d8b72a8c2267ea7ee4ec682d36028fa97b9cc13aff5936d402eabee8c26fa9c2,"{""candidate_id"": ""830393df-91b9-407e-a2eb-9986508ddd32"", ""job_id"": ""JOB-1073"", ""job_title"": ""Senior PM"", ""salary_inr"": 1552791, ""offer_date"": ""2026-06-12T17:18:36.778275"", ""issuer"": ""PlaceMux-HR""}",verified,0,Advik Salvi,bcherian@example.com,Senior PM,Product
ffae4b83-3992-451c-8f0f-ebd4436ca6a3,JOB-1031,2026-06-16T19:35:30.919489,2026-06-20T17:22:28.411298,2026-06-25T08:47:37.630503,2026-06-26T21:34:52.899718,2026-06-29T09:42:46.522474,b0384c6bae4bf0032488397eb0b9204829e06af1014f623cca73f40ce908cc3c,"{""candidate_id"": ""ffae4b83-3992-451c-8f0f-ebd4436ca6a3"", ""job_id"": ""JOB-1031"", ""job_title"": ""Content Strategist"", ""salary_inr"": 1319112, ""offer_date"": ""2026-06-26T21:34:52.899718"", ""issuer"": ""PlaceMux-HR""}",verified,0,Michael Saran,anamikayohannan@example.com,Content Strategist,Marketing
c6aae8ff-d420-48a7-9157-e7ad497d8f47,JOB-1024,2026-06-06T12:59:48.453821,2026-06-08T06:35:30.310866,2026-06-11T19:42:25.449505,2026-06-13T03:01:34.609745,2026-06-15T04:08:51.205369,8c32b322da1f132ab2adc82cb85ca864105942da4bbd72ba76c598aab1d223a9,"{""candidate_id"": ""c6aae8ff-d420-48a7-9157-e7ad497d8f47"", ""job_id"": ""JOB-1024"", ""job_title"": ""Data Scientist"", ""salary_inr"": 1282593, ""offer_date"": ""2026-06-13T03:01:34.609745"", ""issuer"": ""PlaceMux-HR""}",verified,0,Rajata Loyal,yatan14@example.com,Data Scientist,Data
cc68efdf-c1f5-4db5-8ce6-44b201699362,JOB-1084,2026-06-07T19:30:01.672850,2026-06-11T11:23:10.952962,2026-06-15T01:26:06.267395,2026-06-15T19:01:41.236213,2026-06-17T03:19:35.643619,5dfeead67e41f371165d9e69c162bf8ea87e59339221bd832da76f020335bbb2,"{""candidate_id"": ""cc68efdf-c1f5-4db5-8ce6-44b201699362"", ""job_id"": ""JOB-1084"", ""job_title"": ""Backend Engineer"", ""salary_inr"": 1473693, ""offer_date"": ""2026-06-15T19:01:41.236213"", ""issuer"": ""PlaceMux-HR""}",verified,0,Ucchal Raghavan,ayush75@example.org,Backend Engineer,Engineering
ffcf7193-9c23-4810-a180-8f308392aa53,JOB-1054,2026-06-24T16:41:14.082400,2026-06-26T08:07:53.946016,2026-06-29T00:01:11.815102,2026-06-29T12:51:17.710575,2026-07-01T21:41:50.385074,d75e2cc0ef54af2f71289de9615532e3cbcef8c064f45811661ae6aa0286b54c,"{""candidate_id"": ""ffcf7193-9c23-4810-a180-8f308392aa53"", ""job_id"": ""JOB-1054"", ""job_title"": ""Data Scientist"", ""salary_inr"": 989023, ""offer_date"": ""2026-06-29T12:51:17.710575"", ""issuer"": ""PlaceMux-HR""}",verified,0,Simon Pant,harini49@example.net,Data Scientist,Data
eced54b0-feb9-4c84-92c0-5f97766cec9a,JOB-1093,2026-06-24T22:14:39.979050,2026-06-28T08:00:14.899207,2026-06-30T08:40:23.760432,2026-07-02T00:57:34.626739,2026-07-03T12:10:14.932055,ac9ddb31a0144debd1047183207506ebea54acce4340a9fc0f5789b764ec2ee9,"{""candidate_id"": ""eced54b0-feb9-4c84-92c0-5f97766cec9a"", ""job_id"": ""JOB-1093"", ""job_title"": ""Data Scientist"", ""salary_inr"": 1852339, ""offer_date"": ""2026-07-02T00:57:34.626739"", ""issuer"": ""PlaceMux-HR""}",verified,0,Advaith Varughese,frederickkhurana@example.net,Data Scientist,Data
48baca6e-45de-49ac-a189-57e5b3dfb7b0,JOB-1007,2026-06-18T08:55:04.983463,2026-06-20T12:15:28.395452,2026-06-21T19:29:11.854581,2026-06-23T08:40:09.451082,2026-06-24T01:41:16.567303,42e08d3ffffb8296069e5a982a5790a38c6fe7cfb0e0830f10ebedef627760f7,"{""candidate_id"": ""48baca6e-45de-49ac-a189-57e5b3dfb7b0"", ""job_id"": ""JOB-1007"", ""job_title"": ""Backend Engineer"", ""salary_inr"": 2320674, ""offer_date"": ""2026-06-23T08:40:09.451082"", ""issuer"": ""PlaceMux-HR""}",verified,0,Vrinda Khosla,cswaminathan@example.org,Backend Engineer,Engineering
a4530095-3b5c-4bef-818d-8ad4d328602a,JOB-1043,2026-06-28T03:41:29.873340,2026-07-01T11:16:37.176892,2026-07-03T22:23:29.033967,2026-07-05T13:10:53.057791,2026-07-05T15:10:10.666035,a85c97bdcf8b31d147d6bc25e312104c187685b5f8aea90f05befd4cc4288f2a,"{""candidate_id"": ""a4530095-3b5c-4bef-818d-8ad4d328602a"", ""job_id"": ""JOB-1043"", ""job_title"": ""Analytics Engineer"", ""salary_inr"": 1633432, ""offer_date"": ""2026-07-05T13:10:53.057791"", ""issuer"": ""PlaceMux-HR""}",verified,0,Chaitaly Kant,tkohli@example.net,Analytics Engineer,Data
fcabc9a3-30a1-4077-91ea-f7635e12dca1,JOB-1024,2026-06-05T04:35:23.018462,2026-06-08T13:40:22.010353,2026-06-13T07:56:26.888152,2026-06-13T16:42:28.910740,,,"{""candidate_id"": ""fcabc9a3-30a1-4077-91ea-f7635e12dca1"", ""job_id"": ""JOB-1024"", ""job_title"": ""Frontend Engineer"", ""salary_inr"": 1999584, ""offer_date"": ""2026-06-13T16:42:28.910740"", ""issuer"": ""PlaceMux-HR""}",not_signed,0,Urvashi Wali,pavani85@example.com,Frontend Engineer,Engineering
05c17512-56f6-47d1-9566-cb0914af24a9,JOB-1057,2026-05-20T19:09:08.068278,2026-05-23T10:23:56.924306,2026-05-27T00:34:25.587055,2026-05-28T08:31:53.568360,2026-05-29T18:29:40.350644,5ddba9b98d82757eed9bdb02f6f2de6009fd01c06c62539b12ec8717d14eaa78,"{""candidate_id"": ""05c17512-56f6-47d1-9566-cb0914af24a9"", ""job_id"": ""JOB-1057"", ""job_title"": ""Senior PM"", ""salary_inr"": 1977356, ""offer_date"": ""2026-05-28T08:31:53.568360"", ""issuer"": ""PlaceMux-HR""}",verified,0,Anika Mohan,vihaan13@example.com,Senior PM,Product
7a9b31f3-a88a-402b-bcb8-8f20b855ab45,JOB-1023,2026-05-09T12:06:07.536174,2026-05-13T07:35:17.023718,2026-05-15T12:48:25.424071,2026-05-16T14:28:57.163717,2026-05-16T22:22:59.438565,1a29a62e5d9ed02c43955f1ea850460c2c0e0b4ea252af9ef30a76ab83043656,"{""candidate_id"": ""7a9b31f3-a88a-402b-bcb8-8f20b855ab45"", ""job_id"": ""JOB-1023"", ""job_title"": ""Associate PM"", ""salary_inr"": 1044687, ""offer_date"": ""2026-05-16T14:28:57.163717"", ""issuer"": ""PlaceMux-HR""}",verified,0,Qasim Handa,vedamalhotra@example.net,Associate PM,Product
10511b2e-6a9d-4da8-abe3-ba60304a4c6c,JOB-1031,2026-05-23T09:04:47.199621,2026-05-27T04:49:39.943989,2026-05-30T23:41:24.811499,2026-06-01T03:27:31.302775,2026-06-02T22:09:35.495097,4630154b31f580ffdb83a50ec30e61791ab28b5e9ed203c48bbf7cb74b37bc1b,"{""candidate_id"": ""10511b2e-6a9d-4da8-abe3-ba60304a4c6c"", ""job_id"": ""JOB-1031"", ""job_title"": ""UX Researcher"", ""salary_inr"": 1651359, ""offer_date"": ""2026-06-01T03:27:31.302775"", ""issuer"": ""PlaceMux-HR""}",verified,0,Harish Hari,utkarsh52@example.com,UX Researcher,Design
a4c9b357-72d9-47f3-97a8-7296677c0802,JOB-1070,2026-06-20T03:20:28.447145,2026-06-22T19:03:21.676674,2026-06-27T13:12:18.416185,2026-06-28T05:30:49.254375,2026-06-30T07:31:24.992029,c71eab1cd98f6f393adebe29948537480be7b3ece03f6b068d56c48cb951faa7,"{""candidate_id"": ""a4c9b357-72d9-47f3-97a8-7296677c0802"", ""job_id"": ""JOB-1070"", ""job_title"": ""Mobile Engineer"", ""salary_inr"": 1315326, ""offer_date"": ""2026-06-28T05:30:49.254375"", ""issuer"": ""PlaceMux-HR""}",verified,0,Jonathan Mahal,bhagatbrinda@example.net,Mobile Engineer,Engineering
7dc815c0-b5cd-4e2b-9c67-9aadedc70a2a,JOB-1083,2026-06-21T10:40:17.305435,2026-06-22T07:01:02.143916,2026-06-26T00:50:33.243666,2026-06-27T04:47:56.636125,2026-06-30T03:13:33.186653,ec5d2f4510bf8f2ba7cd0b4bc43a22138224b9c85fa7a5a13f76df920ad977cc,"{""candidate_id"": ""7dc815c0-b5cd-4e2b-9c67-9aadedc70a2a"", ""job_id"": ""JOB-1083"", ""job_title"": ""Backend Engineer"", ""salary_inr"": 1890328, ""offer_date"": ""2026-06-27T04:47:56.636125"", ""issuer"": ""PlaceMux-HR""}",verified,0,Vritti Chauhan,maneupasna@example.com,Backend Engineer,Engineering
ba9f23f0-ebfb-43e3-88cc-2b044b883038,JOB-1011,2026-06-28T05:02:27.948191,2026-07-02T00:45:28.810561,2026-07-06T07:52:49.248477,2026-07-06T15:54:50.318810,2026-07-07T07:58:24.565232,14da7c88949e9006c7aeb6ccaff88b4afa99be0754a818d5fda4af947f1f3faa,"{""candidate_id"": ""ba9f23f0-ebfb-43e3-88cc-2b044b883038"", ""job_id"": ""JOB-1011"", ""job_title"": ""Growth Marketer"", ""salary_inr"": 799028, ""offer_date"": ""2026-07-06T15:54:50.318810"", ""issuer"": ""PlaceMux-HR""}",verified,0,Harini Gour,krishnanvanya@example.org,Growth Marketer,Marketing
af58ab08-83c6-41b2-ba4b-60d087cb175d,JOB-1052,2026-06-17T07:48:26.660254,2026-06-18T16:16:01.894756,2026-06-20T04:21:21.189518,2026-06-21T09:11:50.340902,2026-06-21T15:04:07.095964,e34f8888946fa6b7bf45f33e45b56b9109552f16d1efd841be9487e9ffae36fc,"{""candidate_id"": ""af58ab08-83c6-41b2-ba4b-60d087cb175d"", ""job_id"": ""JOB-1052"", ""job_title"": ""Product Manager"", ""salary_inr"": 906070, ""offer_date"": ""2026-06-21T09:11:50.340902"", ""issuer"": ""PlaceMux-HR""}",verified,0,Nandini Swamy,beramax@example.org,Product Manager,Product
124bef54-d6ce-49c3-90e1-0cdeb591de49,JOB-1027,2026-06-18T21:37:10.157469,2026-06-20T05:11:28.958013,2026-06-24T07:31:50.738502,2026-06-25T22:13:51.909180,2026-06-27T17:32:44.815131,a43e83443b3e164513fa39c5f494c8a9ae45635f571025fa3a3ccb7e65b9a990,"{""candidate_id"": ""124bef54-d6ce-49c3-90e1-0cdeb591de49"", ""job_id"": ""JOB-1027"", ""job_title"": ""Data Scientist"", ""salary_inr"": 1252882, ""offer_date"": ""2026-06-25T22:13:51.909180"", ""issuer"": ""PlaceMux-HR""}",verified,0,Frederick Kothari,sahaupkaar@example.net,Data Scientist,Data
a00ad628-3ce5-4a16-a423-c1f6e28909b9,JOB-1021,2026-06-02T12:44:00.431716,2026-06-05T19:48:31.011960,2026-06-07T06:21:41.557791,2026-06-09T00:29:06.903330,2026-06-09T10:50:35.808806,cf14570743d6a08179bef67cc7effcfd915235410e6df80f051ce27b55a02bbe,"{""candidate_id"": ""a00ad628-3ce5-4a16-a423-c1f6e28909b9"", ""job_id"": ""JOB-1021"", ""job_title"": ""Data Analyst"", ""salary_inr"": 1072613, ""offer_date"": ""2026-06-09T00:29:06.903330"", ""issuer"": ""PlaceMux-HR""}",verified,0,Shravya Savant,pushti49@example.net,Data Analyst,Data
759c15ee-aab6-4b5f-85a7-f465cfb4ec23,JOB-1049,2026-05-20T13:03:14.762148,2026-05-21T15:41:26.813453,2026-05-22T20:43:15.914026,2026-05-24T09:21:24.054248,2026-05-25T23:42:31.514846,b8e143b161d2fa5393027e5424dcd82a7ded7a7d7e03085a0ecfbbfdb92552d3,"{""candidate_id"": ""759c15ee-aab6-4b5f-85a7-f465cfb4ec23"", ""job_id"": ""JOB-1049"", ""job_title"": ""Data Analyst"", ""salary_inr"": 2034914, ""offer_date"": ""2026-05-24T09:21:24.054248"", ""issuer"": ""PlaceMux-HR""}",verified,0,Hardik Johal,aishanibumb@example.org,Data Analyst,Data
a83eed73-b068-45dd-a888-95efb38b25c8,JOB-1036,2026-05-31T21:53:09.075583,2026-06-01T19:02:47.008208,2026-06-04T19:24:53.659398,2026-06-06T17:00:47.497244,2026-06-06T21:05:31.600675,3bd28e5e67100212e2e33b0d8894214ddfcf3bafd1e8e28cdbcba37cf12377d5,"{""candidate_id"": ""a83eed73-b068-45dd-a888-95efb38b25c8"", ""job_id"": ""JOB-1036"", ""job_title"": ""UX Researcher"", ""salary_inr"": 1459250, ""offer_date"": ""2026-06-06T17:00:47.497244"", ""issuer"": ""PlaceMux-HR""}",verified,0,Oscar Borde,aarnavrege@example.com,UX Researcher,Design
0bfda188-eda8-45b4-be09-4e83ab5dfe21,JOB-1093,2026-05-19T05:10:15.129019,2026-05-21T23:12:41.351923,2026-05-23T02:12:07.012938,2026-05-25T02:08:23.154944,2026-05-27T15:17:52.662578,94f6235abee72f3e0d5fc34d40c4cc34852f91a3c0200be62111a3789f4e047f,"{""candidate_id"": ""0bfda188-eda8-45b4-be09-4e83ab5dfe21"", ""job_id"": ""JOB-1093"", ""job_title"": ""Analytics Engineer"", ""salary_inr"": 1893562, ""offer_date"": ""2026-05-25T02:08:23.154944"", ""issuer"": ""PlaceMux-HR""}",verified,0,Bishakha Bali,bhavyamandal@example.net,Analytics Engineer,Data
687391cd-97e2-4c21-a0cd-384595443b76,JOB-1091,2026-06-24T16:47:32.601470,2026-06-25T10:57:56.193918,2026-06-26T18:43:17.382911,2026-06-28T01:29:11.694815,2026-06-28T07:09:00.073652,7450baec7320ff6531ca22f5ab420037ad9651b9bb774d91fa85398790270414,"{""candidate_id"": ""687391cd-97e2-4c21-a0cd-384595443b76"", ""job_id"": ""JOB-1091"", ""job_title"": ""SEO Specialist"", ""salary_inr"": 1347006, ""offer_date"": ""2026-06-28T01:29:11.694815"", ""issuer"": ""PlaceMux-HR""}",verified,0,Ekavir Kaur,rudra61@example.net,SEO Specialist,Marketing
ee05318d-fcde-406a-9cd9-8dc1ce81c1db,JOB-1024,2026-06-12T20:19:23.600011,2026-06-14T16:19:09.090214,2026-06-18T01:40:07.715371,2026-06-18T18:38:39.518329,2026-06-20T07:32:18.372968,19cfb082fdd0528191d9263279529c2fb6187659e010407356973cdf666be88a,"{""candidate_id"": ""ee05318d-fcde-406a-9cd9-8dc1ce81c1db"", ""job_id"": ""JOB-1024"", ""job_title"": ""Data Analyst"", ""salary_inr"": 1949986, ""offer_date"": ""2026-06-18T18:38:39.518329"", ""issuer"": ""PlaceMux-HR""}",verified,0,Manthan Lata,ekbalbhasin@example.org,Data Analyst,Data
5adbd18f-d983-4f21-a750-8296b2b81218,JOB-1007,2026-06-21T06:50:41.053477,2026-06-24T01:31:18.252937,2026-06-28T03:20:31.772461,2026-06-29T15:03:32.815260,2026-06-30T07:19:32.711013,007575ee58863b4a66f97d87ea1f8b6ffb88da01324d64fcd262a7ac242c1842,"{""candidate_id"": ""5adbd18f-d983-4f21-a750-8296b2b81218"", ""job_id"": ""JOB-1007"", ""job_title"": ""UI Designer"", ""salary_inr"": 939943, ""offer_date"": ""2026-06-29T15:03:32.815260"", ""issuer"": ""PlaceMux-HR""}",verified,0,Bhavya Sarna,sidhudaksha@example.net,UI Designer,Design
969dc397-ce90-4db7-985c-4a656884ff8f,JOB-1069,2026-06-19T18:18:24.764597,2026-06-21T15:48:00.772316,2026-06-25T13:50:34.854954,2026-06-26T07:35:42.513594,2026-06-27T06:47:03.538378,ad44dde3e620232305463fecb6164ce1057ec67af79a94476eed2194092626d4,"{""candidate_id"": ""969dc397-ce90-4db7-985c-4a656884ff8f"", ""job_id"": ""JOB-1069"", ""job_title"": ""SEO Specialist"", ""salary_inr"": 955395, ""offer_date"": ""2026-06-26T07:35:42.513594"", ""issuer"": ""PlaceMux-HR""}",verified,0,Anita Tella,fsarma@example.net,SEO Specialist,Marketing
16003be5-a322-4978-950d-d65af1f19932,JOB-1007,2026-05-05T03:29:42.572717,2026-05-08T13:21:50.391792,2026-05-09T22:18:50.714941,2026-05-10T06:33:46.521059,2026-05-12T12:01:02.778273,d8a8c69604ba4f7c0a58f3f3392eab6e277e61fdcbd061531c7aaa654c86ac98,"{""candidate_id"": ""16003be5-a322-4978-950d-d65af1f19932"", ""job_id"": ""JOB-1007"", ""job_title"": ""DevOps Engineer"", ""salary_inr"": 2889223, ""offer_date"": ""2026-05-10T06:33:46.521059"", ""issuer"": ""PlaceMux-HR""}",verified,0,Rachana Naidu,atharv13@example.net,DevOps Engineer,Engineering
200da899-b9a9-45f8-9709-0f1d68e026f0,JOB-1064,2026-06-10T07:38:32.267709,2026-06-12T06:09:00.798305,2026-06-16T18:00:59.506149,2026-06-18T15:25:34.477375,2026-06-19T22:27:17.137708,259d71b0f8f244bbf3a31be4b52b36d3de41b4d2c825afdf61da2c93598c5878,"{""candidate_id"": ""200da899-b9a9-45f8-9709-0f1d68e026f0"", ""job_id"": ""JOB-1064"", ""job_title"": ""Mobile Engineer"", ""salary_inr"": 2408035, ""offer_date"": ""2026-06-18T15:25:34.477375"", ""issuer"": ""PlaceMux-HR""}",tampered,1,Amruta Baria,upmavenkataraman@example.net,Mobile Engineer,Engineering
eea41b11-8168-4472-abe6-dbb966a2c311,JOB-1007,2026-05-19T20:44:58.596207,2026-05-20T17:27:07.407343,2026-05-23T18:09:49.183575,2026-05-24T04:58:18.443431,2026-05-25T16:12:26.053101,082f704c810a07c7d47f913e86aae6346a0b1853fc67ef12e23fef8f79908ef6,"{""candidate_id"": ""eea41b11-8168-4472-abe6-dbb966a2c311"", ""job_id"": ""JOB-1007"", ""job_title"": ""Growth Marketer"", ""salary_inr"": 1229575, ""offer_date"": ""2026-05-24T04:58:18.443431"", ""issuer"": ""PlaceMux-HR""}",verified,0,Arunima Golla,fswamy@example.com,Growth Marketer,Marketing
c534cdea-6918-489f-8a60-0f396908e353,JOB-1023,2026-05-23T04:06:39.989727,2026-05-26T08:10:11.932825,2026-05-29T15:17:00.894322,2026-05-31T06:48:04.759513,2026-06-02T19:48:26.418749,036ed1c8c2fd70ec8fd5cf246d634e1d7ac5531d1cc1f667ca9928b808e29cc9,"{""candidate_id"": ""c534cdea-6918-489f-8a60-0f396908e353"", ""job_id"": ""JOB-1023"", ""job_title"": ""Growth Marketer"", ""salary_inr"": 1183286, ""offer_date"": ""2026-05-31T06:48:04.759513"", ""issuer"": ""PlaceMux-HR""}",verified,0,Nilima Nath,henry25@example.com,Growth Marketer,Marketing
8db2792e-6dce-4570-aad7-8d33a386ed15,JOB-1086,2026-06-06T15:46:33.145564,2026-06-09T11:02:01.308911,2026-06-13T05:36:24.951434,2026-06-13T10:52:51.135314,2026-06-14T07:16:59.046669,9ad97d365456f9aba63e599d0380c36b7cd3865d7461447c7ad8ad98cd4de941,"{""candidate_id"": ""8db2792e-6dce-4570-aad7-8d33a386ed15"", ""job_id"": ""JOB-1086"", ""job_title"": ""Backend Engineer"", ""salary_inr"": 1010116, ""offer_date"": ""2026-06-13T10:52:51.135314"", ""issuer"": ""PlaceMux-HR""}",verified,0,Bhavya Rattan,shagaurang@example.com,Backend Engineer,Engineering
11ec17f2-9c55-40b2-95cc-0866c0367784,JOB-1015,2026-05-01T11:36:55.915606,2026-05-05T00:41:02.398063,2026-05-08T07:03:02.968413,2026-05-09T04:41:07.208503,2026-05-09T15:45:30.370104,7b911817b912308ed3ed7dc7006dc91238082b4a24c68e43ab0b4ef083581bea,"{""candidate_id"": ""11ec17f2-9c55-40b2-95cc-0866c0367784"", ""job_id"": ""JOB-1015"", ""job_title"": ""Associate PM"", ""salary_inr"": 1725211, ""offer_date"": ""2026-05-09T04:41:07.208503"", ""issuer"": ""PlaceMux-HR""}",tampered,1,Ekiya D’Alia,avarkey@example.net,Associate PM,Product
36d00ae4-7177-486b-82ae-caf43f98c8ca,JOB-1074,2026-05-23T16:32:35.302504,2026-05-25T18:38:57.789604,2026-05-27T09:45:38.435336,2026-05-28T03:28:21.794697,2026-05-29T03:30:14.061912,109b270d9e177d83806aaefe7132e8534556624e4ca1014bca018f8e92ea5a56,"{""candidate_id"": ""36d00ae4-7177-486b-82ae-caf43f98c8ca"", ""job_id"": ""JOB-1074"", ""job_title"": ""Growth Marketer"", ""salary_inr"": 825583, ""offer_date"": ""2026-05-28T03:28:21.794697"", ""issuer"": ""PlaceMux-HR""}",verified,0,Odika Bhagat,zarnapathak@example.net,Growth Marketer,Marketing
b8a2bd6a-5bfc-4423-9320-3bbedf081aa1,JOB-1079,2026-05-10T10:51:29.722586,2026-05-13T14:13:51.132433,2026-05-14T19:00:29.049818,2026-05-15T02:35:51.563779,2026-05-16T11:03:31.240018,76b07840fcc0322ecff7ddadecf37a4a0427623a97aaf36c016a1d3b86a9be16,"{""candidate_id"": ""b8a2bd6a-5bfc-4423-9320-3bbedf081aa1"", ""job_id"": ""JOB-1079"", ""job_title"": ""Growth Marketer"", ""salary_inr"": 655164, ""offer_date"": ""2026-05-15T02:35:51.563779"", ""issuer"": ""PlaceMux-HR""}",verified,0,Riya Behl,amaradeep@example.com,Growth Marketer,Marketing
17c625d6-0462-4293-9d66-0a8e8fab8f3e,JOB-1084,2026-05-17T12:11:00.424524,2026-05-20T15:35:55.231169,2026-05-22T02:31:30.561972,2026-05-23T01:26:28.881502,2026-05-23T22:33:06.679255,7c7960bd60a3a004ff9414e31c5a1e7ee3812fe44b3d4b9367d2558dc317a0c6,"{""candidate_id"": ""17c625d6-0462-4293-9d66-0a8e8fab8f3e"", ""job_id"": ""JOB-1084"", ""job_title"": ""Mobile Engineer"", ""salary_inr"": 2637212, ""offer_date"": ""2026-05-23T01:26:28.881502"", ""issuer"": ""PlaceMux-HR""}",verified,0,Vedhika Dara,khatrinathan@example.com,Mobile Engineer,Engineering
